{"cameraMode":{"drawMode":0,"name":"Shaded","section":"Shading Mode"},"sceneLighting":false,"audioPlay":false,"sceneViewState":{"m_AlwaysRefresh":false,"showFog":true,"showSkybox":false,"showFlares":true,"showImageEffects":true,"showParticleSystems":true,"showVisualEffectGraphs":true,"m_FxEnabled":true},"in2DMode":false,"pivot":{"x":-0.016240566968917848,"y":0.4125690460205078,"z":0.04168197512626648},"rotation":{"x":0.04552118852734566,"y":-0.9158410429954529,"z":0.10783711075782776,"w":0.38432028889656069},"size":2.2687973976135256,"orthographic":false}