{"cameraMode":{"drawMode":0,"name":"Shaded","section":"Shading Mode"},"sceneLighting":true,"audioPlay":false,"sceneViewState":{"m_AlwaysRefresh":false,"showFog":true,"showSkybox":true,"showFlares":true,"showImageEffects":true,"showParticleSystems":true,"showVisualEffectGraphs":true,"m_FxEnabled":true},"in2DMode":false,"pivot":{"x":16.989566802978517,"y":-24.486726760864259,"z":37.605255126953128},"rotation":{"x":0.29810091853141787,"y":0.21270357072353364,"z":-0.06833252310752869,"w":0.9280298352241516},"size":27.574148178100587,"orthographic":false}