{"cameraMode":{"drawMode":0,"name":"Shaded","section":"Shading Mode"},"sceneLighting":true,"audioPlay":false,"sceneViewState":{"m_AlwaysRefresh":false,"showFog":true,"showSkybox":true,"showFlares":true,"showImageEffects":true,"showParticleSystems":true,"showVisualEffectGraphs":true,"m_FxEnabled":true},"in2DMode":false,"pivot":{"x":1.1294872760772706,"y":2.65028715133667,"z":0.872116208076477},"rotation":{"x":-0.25317561626434328,"y":-0.21659275889396668,"z":0.058285344392061236,"w":-0.9410707354545593},"size":10.763253211975098,"orthographic":false}