{"cameraMode":{"drawMode":0,"name":"Shaded","section":"Shading Mode"},"sceneLighting":true,"audioPlay":false,"sceneViewState":{"m_AlwaysRefresh":false,"showFog":true,"showSkybox":true,"showFlares":true,"showImageEffects":true,"showParticleSystems":true,"showVisualEffectGraphs":true,"m_FxEnabled":true},"in2DMode":false,"pivot":{"x":0.15292680263519288,"y":2.7906577587127687,"z":1.3921771049499512},"rotation":{"x":0.03488093614578247,"y":0.5622920393943787,"z":-0.02392774075269699,"w":0.8259190917015076},"size":4.001672744750977,"orthographic":false}