{"cameraMode":{"drawMode":0,"name":"Shaded","section":"Shading Mode"},"sceneLighting":false,"audioPlay":false,"sceneViewState":{"m_AlwaysRefresh":false,"showFog":true,"showSkybox":false,"showFlares":true,"showImageEffects":true,"showParticleSystems":true,"showVisualEffectGraphs":true,"m_FxEnabled":true},"in2DMode":false,"pivot":{"x":-5.261984825134277,"y":-31.965999603271486,"z":13.688970565795899},"rotation":{"x":0.2808566093444824,"y":0.17644187808036805,"z":-0.052860893309116366,"w":0.9419748187065125},"size":47.554054260253909,"orthographic":false}