{"cameraMode":{"drawMode":0,"name":"Shaded","section":"Shading Mode"},"sceneLighting":false,"audioPlay":false,"sceneViewState":{"m_AlwaysRefresh":false,"showFog":true,"showSkybox":false,"showFlares":true,"showImageEffects":true,"showParticleSystems":true,"showVisualEffectGraphs":true,"m_FxEnabled":true},"in2DMode":false,"pivot":{"x":1.9359302520751954,"y":1.899999976158142,"z":34.599998474121097},"rotation":{"x":-0.7172605991363525,"y":-0.004110562149435282,"z":0.004573647398501635,"w":-0.6968801021575928},"size":37.45317840576172,"orthographic":true}